[{"uuid": "e20cab8a-1cd8-4c2f-996e-651f940c15bb", "name": "Testformulier Dimpact Service", "internal_name": "", "login_required": false, "translation_enabled": false, "registration_backends": [{"key": "backend1", "name": "email rob", "backend": "email", "options": {"to_emails": ["rob.wagelaar@dimpact.nl"], "email_subject": "test", "attach_files_to_email": null, "email_payment_subject": "test"}}], "authentication_backends": [], "authentication_backend_options": {}, "auto_login_authentication_backend": "", "payment_required": false, "payment_backend": "", "payment_backend_options": {}, "appointment_options": {"is_appointment": false, "supports_multiple_products": null}, "literals": {"previous_text": {"resolved": "Vorige stap", "value": ""}, "begin_text": {"resolved": "Formulier starten", "value": ""}, "change_text": {"resolved": "Wijzigen", "value": ""}, "confirm_text": {"resolved": "Verzenden", "value": ""}}, "product": null, "slug": "testformulier-dimpact-service", "url": "http://openformulieren-openforms/api/v2/forms/e20cab8a-1cd8-4c2f-996e-651f940c15bb", "category": "http://openformulieren-openforms/api/v2/categories/880932f4-b0dc-4844-a46f-55fb6fd0320a", "theme": null, "steps": [{"uuid": "1b95389e-6c67-4ebe-b8ba-785d079a89d7", "slug": "uw-gegevens", "form_definition": "Uw gegevens", "index": 0, "literals": {"previous_text": {"resolved": "Vorige stap", "value": ""}, "save_text": {"resolved": "Tussentijds opslaan", "value": ""}, "next_text": {"resolved": "Volgende", "value": ""}}, "url": "http://openformulieren-openforms/api/v2/forms/e20cab8a-1cd8-4c2f-996e-651f940c15bb/steps/1b95389e-6c67-4ebe-b8ba-785d079a89d7", "is_applicable": true}], "show_progress_indicator": true, "maintenance_mode": false, "active": true, "activate_on": null, "deactivate_on": null, "is_deleted": false, "submission_confirmation_template": "", "explanation_template": "", "submission_allowed": "yes", "suspension_allowed": true, "ask_privacy_consent": "global_setting", "ask_statement_of_truth": "global_setting", "submissions_removal_options": {"successful_submissions_removal_limit": null, "successful_submissions_removal_method": "", "incomplete_submissions_removal_limit": null, "incomplete_submissions_removal_method": "", "errored_submissions_removal_limit": null, "errored_submissions_removal_method": "", "all_submissions_removal_limit": null}, "confirmation_email_template": {"subject": "", "content": "", "translations": {"nl": {"subject": "", "content": ""}, "en": {"subject": "", "content": ""}}}, "send_confirmation_email": true, "display_main_website_link": true, "include_confirmation_page_content_in_pdf": true, "required_fields_with_asterisk": true, "translations": {"nl": {"name": "Testformulier Dimpact Service", "submission_confirmation_template": "", "begin_text": "", "previous_text": "", "change_text": "", "confirm_text": "", "explanation_template": ""}, "en": {"name": "", "submission_confirmation_template": "", "begin_text": "", "previous_text": "", "change_text": "", "confirm_text": "", "explanation_template": ""}}, "resume_link_lifetime": 7, "hide_non_applicable_steps": false, "cosign_login_info": {"identifier": "digid", "label": "DigiD", "url": "http://openformulieren-openforms/auth/testformulier-dimpact-service/digid/start?next=http%3A%2F%2Fopenformulieren-openforms%2Fsubmissions%2Ftestformulier-dimpact-service%2Ffind%2F", "logo": {"title": "DigiD", "image_src": "http://openformulieren-openforms/static/img/digid-46x46.71ea68346bbb.png", "href": "https://www.digid.nl/", "appearance": "dark"}, "is_for_gemachtigde": false}, "submission_statements_configuration": [{"key": "privacyPolicyAccepted", "label": "<p>Ja, ik heb kennis genomen van het  en geef uitdrukkelijk toestemming voor het verwerken van de door mij opgegeven gegevens.</p>", "validate": {"required": true}, "type": "checkbox"}, {"key": "statementOfTruthAccepted", "label": "<p>Ik verklaar dat ik deze aanvraag naar waarheid heb ingevuld en geen informatie heb verzwegen.</p>", "validate": {"required": false}, "type": "checkbox"}], "submission_report_download_link_title": "Download PDF", "brp_personen_request_options": null}]