[{"url": "http://openformulieren-openforms/api/v2/form-definitions/0a877884-858b-4b80-8065-471852bb7aed", "uuid": "0a877884-858b-4b80-8065-471852bb7aed", "name": "Meld je hier aan", "internal_name": "", "slug": "meld-je-hier-aan", "configuration": {"display": "form", "components": [{"id": "ev3c0e", "key": "content", "html": "<p><span style=\"color:black;\">Werksessie Formulieren: <strong>een praktische aanpak, formulieren bouwen in de zandbak!</strong></span></p><p><span style=\"color:black;\">Op <strong>woensdag</strong> <strong>20 maart&nbsp;</strong>staat er&nbsp;in de ochtend weer een sessie voor formulieren gepland!&nbsp;We kiezen dit keer voor een heel praktische aanpak en gaan samen aan de slag in de nieuwe zandbak-omgeving! Dit doen we op het stadskantoor van de gemeente Zwolle.&nbsp;</span><br><span style=\"color:black;\">Deze werksessie is bedoeld voor deelnemers die kennis willen maken met Formulieren, maar ook voor de gevorderden onder ons die op zoek zijn naar een stuk verdieping. Op deze dag komen de communities van Open Formulieren en PodiumD formulier dan ook bij elkaar om met en van elkaar te leren.</span><br><br><strong>Let op: omdat we te gast zijn bij gemeente Zwolle, horen we graag of je wel of niet gebruik wilt maken van de lunch.</strong></p>", "type": "content", "input": false, "label": "Content", "hidden": false, "prefix": "", "suffix": "", "unique": false, "widget": null, "dbIndex": false, "overlay": {"top": "", "left": "", "style": "", "width": "", "height": ""}, "tooltip": "", "disabled": false, "multiple": false, "redrawOn": "", "tabindex": "", "validate": {"custom": "", "unique": false, "multiple": false, "required": false, "customPrivate": false, "strictDateValidation": false}, "autofocus": false, "encrypted": false, "hideLabel": false, "modalEdit": false, "openForms": {}, "protected": false, "refreshOn": "", "showInPDF": true, "tableView": false, "attributes": {}, "errorLabel": "", "persistent": true, "properties": {}, "validateOn": "change", "clearOnHide": true, "conditional": {"eq": "", "show": null, "when": null}, "customClass": "", "description": "", "placeholder": "", "showInEmail": true, "defaultValue": null, "dataGridLabel": false, "labelPosition": "top", "showCharCount": false, "showInSummary": false, "showWordCount": false, "calculateValue": "", "calculateServer": false, "allowMultipleMasks": false, "customDefaultValue": "", "allowCalculateOverride": false}, {"id": "e60amad", "key": "voorEnAchternaam", "mask": false, "type": "textfield", "input": true, "label": "Voor en achternaam", "hidden": false, "prefix": "", "suffix": "", "unique": false, "widget": {"type": "input"}, "dbIndex": false, "overlay": {"top": "", "left": "", "style": "", "width": "", "height": ""}, "prefill": {"plugin": "", "attribute": "", "identifierRole": "main"}, "tooltip": "", "disabled": false, "multiple": false, "redrawOn": "", "tabindex": "", "validate": {"custom": "", "unique": false, "pattern": "", "plugins": [], "multiple": false, "required": true, "maxLength": "", "minLength": "", "customPrivate": false, "strictDateValidation": false}, "autofocus": false, "encrypted": false, "hideLabel": false, "inputMask": "", "inputType": "text", "modalEdit": false, "openForms": {}, "protected": false, "refreshOn": "", "showInPDF": true, "tableView": true, "attributes": {}, "deriveCity": false, "errorLabel": "", "persistent": true, "properties": {}, "spellcheck": true, "validateOn": "change", "clearOnHide": true, "conditional": {"eq": "", "show": null, "when": null}, "customClass": "", "description": "", "inputFormat": "plain", "placeholder": "", "showInEmail": false, "autocomplete": "name", "defaultValue": "", "registration": {"attribute": ""}, "dataGridLabel": false, "labelPosition": "top", "showCharCount": false, "showInSummary": true, "showWordCount": false, "calculateValue": "", "derivePostcode": "", "calculateServer": false, "isSensitiveData": false, "deriveStreetName": false, "translatedErrors": {"en": {"pattern": "", "required": "", "maxLength": ""}, "nl": {"pattern": "", "required": "", "maxLength": ""}}, "deriveHouseNumber": "", "allowMultipleMasks": false, "customDefaultValue": "", "allowCalculateOverride": false}, {"id": "elhp9r5", "key": "email", "mask": false, "type": "email", "input": true, "label": "E-mailadres", "hidden": false, "prefix": "", "suffix": "", "unique": false, "widget": {"type": "input"}, "dbIndex": false, "kickbox": {"enabled": false}, "overlay": {"top": "", "left": "", "style": "", "width": "", "height": ""}, "tooltip": "", "disabled": false, "multiple": false, "redrawOn": "", "tabindex": "", "validate": {"custom": "", "unique": false, "pattern": "", "plugins": [], "multiple": false, "required": true, "maxLength": "", "minLength": "", "customPrivate": false, "strictDateValidation": false}, "autofocus": false, "encrypted": false, "hideLabel": false, "inputMask": "", "inputType": "email", "modalEdit": false, "openForms": {}, "protected": false, "refreshOn": "", "showInPDF": true, "tableView": true, "attributes": {}, "errorLabel": "", "persistent": true, "properties": {}, "spellcheck": true, "validateOn": "change", "clearOnHide": true, "conditional": {"eq": "", "show": null, "when": null}, "customClass": "", "description": "", "inputFormat": "plain", "placeholder": "", "showInEmail": false, "autocomplete": "email", "defaultValue": "", "registration": {"attribute": ""}, "dataGridLabel": false, "labelPosition": "top", "showCharCount": false, "showInSummary": true, "showWordCount": false, "calculateValue": "", "calculateServer": false, "isSensitiveData": true, "translatedErrors": {"en": {"required": ""}, "nl": {"required": ""}}, "allowMultipleMasks": false, "customDefaultValue": "", "confirmationRecipient": false, "allowCalculateOverride": false}, {"id": "e4xj7u7", "key": "organisatienaam", "mask": false, "type": "textfield", "input": true, "label": "Organisatienaam", "hidden": false, "prefix": "", "suffix": "", "unique": false, "widget": {"type": "input"}, "dbIndex": false, "overlay": {"top": "", "left": "", "style": "", "width": "", "height": ""}, "prefill": {"plugin": "", "attribute": "", "identifierRole": "main"}, "tooltip": "", "disabled": false, "multiple": false, "redrawOn": "", "tabindex": "", "validate": {"custom": "", "unique": false, "pattern": "", "plugins": [], "multiple": false, "required": true, "maxLength": "", "minLength": "", "customPrivate": false, "strictDateValidation": false}, "autofocus": false, "encrypted": false, "hideLabel": false, "inputMask": "", "inputType": "text", "modalEdit": false, "openForms": {}, "protected": false, "refreshOn": "", "showInPDF": true, "tableView": true, "attributes": {}, "deriveCity": false, "errorLabel": "", "persistent": true, "properties": {}, "spellcheck": true, "validateOn": "change", "clearOnHide": true, "conditional": {"eq": "", "show": null, "when": null}, "customClass": "", "description": "", "inputFormat": "plain", "placeholder": "", "showInEmail": false, "autocomplete": "", "defaultValue": "", "registration": {"attribute": ""}, "dataGridLabel": false, "labelPosition": "top", "showCharCount": false, "showInSummary": true, "showWordCount": false, "calculateValue": "", "derivePostcode": "", "calculateServer": false, "isSensitiveData": false, "deriveStreetName": false, "translatedErrors": {"en": {"pattern": "", "required": "", "maxLength": ""}, "nl": {"pattern": "", "required": "", "maxLength": ""}}, "deriveHouseNumber": "", "allowMultipleMasks": false, "customDefaultValue": "", "allowCalculateOverride": false}, {"id": "ewxsjbh", "key": "functieRol", "mask": false, "type": "textfield", "input": true, "label": "Functie/rol", "hidden": false, "prefix": "", "suffix": "", "unique": false, "widget": {"type": "input"}, "dbIndex": false, "overlay": {"top": "", "left": "", "style": "", "width": "", "height": ""}, "prefill": {"plugin": "", "attribute": "", "identifierRole": "main"}, "tooltip": "", "disabled": false, "multiple": false, "redrawOn": "", "tabindex": "", "validate": {"custom": "", "unique": false, "pattern": "", "plugins": [], "multiple": false, "required": true, "maxLength": "", "minLength": "", "customPrivate": false, "strictDateValidation": false}, "autofocus": false, "encrypted": false, "hideLabel": false, "inputMask": "", "inputType": "text", "modalEdit": false, "openForms": {}, "protected": false, "refreshOn": "", "showInPDF": true, "tableView": true, "attributes": {}, "deriveCity": false, "errorLabel": "", "persistent": true, "properties": {}, "spellcheck": true, "validateOn": "change", "clearOnHide": true, "conditional": {"eq": "", "show": null, "when": null}, "customClass": "", "description": "", "inputFormat": "plain", "placeholder": "", "showInEmail": false, "autocomplete": "", "defaultValue": "", "registration": {"attribute": ""}, "dataGridLabel": false, "labelPosition": "top", "showCharCount": false, "showInSummary": true, "showWordCount": false, "calculateValue": "", "derivePostcode": "", "calculateServer": false, "isSensitiveData": false, "deriveStreetName": false, "translatedErrors": {"en": {"pattern": "", "required": "", "maxLength": ""}, "nl": {"pattern": "", "required": "", "maxLength": ""}}, "deriveHouseNumber": "", "allowMultipleMasks": false, "customDefaultValue": "", "allowCalculateOverride": false}, {"id": "e37s4i", "key": "lunch", "type": "radio", "input": true, "label": "Lunch", "hidden": false, "prefix": "", "suffix": "", "unique": false, "values": [{"label": "Ja", "value": "Ja"}, {"label": "Nee", "value": "Nee"}], "widget": null, "dbIndex": false, "overlay": {"top": "", "left": "", "style": "", "width": "", "height": ""}, "tooltip": "", "dataType": "string", "disabled": false, "fieldSet": false, "multiple": false, "redrawOn": "", "tabindex": "", "validate": {"custom": "", "unique": false, "plugins": [], "multiple": false, "required": true, "customPrivate": false, "onlyAvailableItems": false, "strictDateValidation": false}, "autofocus": false, "encrypted": false, "hideLabel": false, "inputType": "radio", "modalEdit": false, "openForms": {"dataSrc": "manual", "itemsExpression": ""}, "protected": false, "refreshOn": "", "showInPDF": true, "tableView": false, "attributes": {}, "errorLabel": "", "persistent": true, "properties": {}, "validateOn": "change", "clearOnHide": true, "conditional": {"eq": "", "show": null, "when": null}, "customClass": "", "description": "Wil je gebruik maken van de lunch?", "placeholder": "", "showInEmail": false, "defaultValue": "", "registration": {"attribute": ""}, "dataGridLabel": false, "labelPosition": "top", "showCharCount": false, "showInSummary": true, "showWordCount": false, "calculateValue": "", "calculateServer": false, "isSensitiveData": false, "translatedErrors": {"en": {"required": ""}, "nl": {"required": ""}}, "allowMultipleMasks": false, "customDefaultValue": "", "allowCalculateOverride": false}, {"id": "e3jqenf", "key": "dieetWensen", "mask": false, "rows": 3, "type": "textarea", "input": true, "label": "Dieet wensen", "editor": "", "hidden": false, "prefix": "", "suffix": "", "unique": false, "widget": {"type": "input"}, "dbIndex": false, "overlay": {"top": "", "left": "", "style": "", "width": "", "height": ""}, "tooltip": "", "wysiwyg": false, "disabled": false, "multiple": false, "redrawOn": "", "tabindex": "", "validate": {"custom": "", "unique": false, "pattern": "", "plugins": [], "maxWords": "", "minWords": "", "multiple": false, "required": false, "maxLength": 10000, "minLength": "", "customPrivate": false, "strictDateValidation": false}, "autofocus": false, "encrypted": false, "fixedSize": true, "hideLabel": false, "inputMask": "", "inputType": "text", "modalEdit": false, "openForms": {}, "protected": false, "refreshOn": "", "showInPDF": true, "tableView": true, "attributes": {}, "autoExpand": false, "errorLabel": "", "persistent": true, "properties": {}, "spellcheck": true, "validateOn": "change", "clearOnHide": true, "conditional": {"eq": "Ja", "show": true, "when": "lunch"}, "customClass": "", "description": "Zijn er bijzonderheden waar wij rekening mee kunnen houden?", "inputFormat": "html", "placeholder": "", "showInEmail": false, "autocomplete": "", "defaultValue": "", "dataGridLabel": false, "labelPosition": "top", "showCharCount": false, "showInSummary": true, "showWordCount": false, "calculateValue": "", "calculateServer": false, "isSensitiveData": false, "translatedErrors": {"en": {"pattern": "", "required": "", "maxLength": ""}, "nl": {"pattern": "", "required": "", "maxLength": ""}}, "allowMultipleMasks": false, "customDefaultValue": "", "allowCalculateOverride": false}]}, "login_required": false, "is_reusable": false, "translations": {"nl": {"name": "Meld je hier aan"}, "en": {"name": ""}}, "component_translations": {"nl": {}, "en": {}}}]